City_ID,City,Lat,Lng,Max Temp,Humidity,Cloudiness,Wind Speed,Country,Date
0,cabo san lucas,22.8909,-109.9124,36.45,60,6,3.91,MX,1687974672
1,waitangi,-43.9535,-176.5597,12.12,96,77,1.34,NZ,1687974672
2,bata,1.8639,9.7658,26.45,79,98,6.38,GQ,1687974672
3,papatowai,-46.5619,169.4708,8.06,91,100,3.93,NZ,1687974673
4,adamstown,-25.066,-130.1015,19.91,72,90,12.08,PN,1687974673
5,antofagasta,-23.65,-70.4,19.6,64,5,2.08,CL,1687974673
6,ostersund,63.1792,14.6357,23.25,28,20,2.57,SE,1687974673
7,edinburgh of the seven seas,-37.0676,-12.3116,15.76,94,94,9.53,SH,1687974673
8,hawaiian paradise park,19.5933,-154.9731,23.28,92,0,0.0,US,1687974674
9,san julian,21.0167,-102.1667,26.53,32,6,3.4,MX,1687974674
10,grytviken,-54.2811,-36.5092,-6.94,89,71,5.15,GS,1687974674
11,el fasher,13.6279,25.3494,34.94,23,7,4.08,SD,1687974674
12,dijkot,31.2167,72.9833,33.93,50,0,3.67,PK,1687974675
13,new norfolk,-42.7826,147.0587,5.95,85,75,2.06,AU,1687974675
14,port-aux-francais,-49.35,70.2167,4.19,95,100,3.04,TF,1687974675
15,kodiak,57.79,-152.4072,8.73,93,100,2.57,US,1687974675
16,hermanus,-34.4187,19.2345,9.89,85,70,2.16,ZA,1687974676
17,ribeira grande,38.5167,-28.7,25.22,65,20,12.35,PT,1687974676
18,khandud,36.9513,72.318,15.92,48,67,3.69,AF,1687974676
19,vilyuchinsk,52.9306,158.4028,10.15,90,94,0.53,RU,1687974676
20,avarua,-21.2078,-159.775,26.03,89,0,3.6,CK,1687974400
21,ca mau,9.1769,105.15,26.59,86,100,1.73,VN,1687974677
22,inongo,-1.95,18.2667,22.61,84,76,2.51,CD,1687974677
23,lebu,-37.6167,-73.65,10.91,70,96,4.43,CL,1687974677
24,revda,56.801,59.9303,14.28,76,80,2.71,RU,1687974677
25,talnakh,69.4865,88.3972,12.34,65,60,1.72,RU,1687974678
26,kotlas,61.2611,46.6556,18.17,64,46,1.87,RU,1687974678
27,la sarre,48.8002,-79.1996,21.98,29,0,3.39,CA,1687974494
28,isafjordur,66.0755,-23.124,7.02,81,100,8.23,IS,1687974678
29,fort st. john,56.2499,-120.8529,17.94,77,75,3.09,CA,1687974684
30,iqaluit,63.7506,-68.5145,8.85,53,75,8.23,CA,1687974684
31,moyynkum,44.2914,72.9469,24.25,29,49,4.12,KZ,1687974684
32,jamestown,42.097,-79.2353,20.01,86,100,4.63,US,1687974684
33,blackmans bay,-43.0167,147.3167,5.29,79,37,3.86,AU,1687974685
34,zeya,53.75,127.2667,18.04,95,84,1.58,RU,1687974685
35,dudinka,69.4058,86.1778,12.57,69,48,3.25,RU,1687974685
36,selfoss,63.9331,-20.9971,9.47,84,62,7.99,IS,1687974685
37,puerto ayora,-0.7393,-90.3518,27.98,86,11,3.13,EC,1687974685
38,wurtulla,-26.7568,153.1256,21.7,67,100,2.68,AU,1687974686
39,dongcun,36.7767,121.1597,22.98,98,100,2.62,CN,1687974686
40,badger,64.8,-147.5333,19.52,62,100,0.0,US,1687974651
41,bredasdorp,-34.5322,20.0403,11.47,88,19,1.47,ZA,1687974686
42,al jawf,29.5,38.75,32.41,14,0,4.23,SA,1687974687
43,mount isa,-20.7333,139.5,18.87,59,54,5.14,AU,1687974687
44,port mathurin,-19.6833,63.4167,23.43,66,26,5.45,MU,1687974687
45,saipan,15.1355,145.701,27.39,100,0,2.57,MP,1687974687
46,guajara mirim,-10.7828,-65.3394,33.09,43,20,3.09,BR,1687974687
47,ambatofinandrahana,-20.55,46.8,10.03,70,0,2.45,MG,1687974688
48,colachel,8.1667,77.25,26.24,78,21,4.15,IN,1687974688
49,ushuaia,-54.8,-68.3,-1.21,74,10,2.06,AR,1687974688
50,rio claro,-22.4114,-47.5614,25.19,40,0,3.47,BR,1687974476
51,lata,40.1629,-8.3327,24.49,38,0,3.52,PT,1687974688
52,puerto natales,-51.7236,-72.4875,-0.75,100,75,1.03,CL,1687974689
53,albany,42.6001,-73.9662,22.87,84,100,0.45,US,1687974439
54,da nang,16.0678,108.2208,27.99,89,20,1.03,VN,1687974689
55,invercargill,-46.4,168.35,9.03,82,98,5.13,NZ,1687974458
56,anadyr,64.75,177.4833,8.28,87,20,4.0,RU,1687974689
57,alofi,-19.0595,-169.9187,23.94,88,23,5.14,NU,1687974690
58,nemuro,43.3236,145.575,12.87,100,100,3.87,JP,1687974690
59,linkou,45.3,130.2833,17.96,95,38,0.4,CN,1687974690
60,awjilah,29.1081,21.2869,32.69,22,0,5.26,LY,1687974690
61,tamandare,-8.7597,-35.1047,26.0,80,17,4.24,BR,1687974691
62,lihue,21.9789,-159.3672,25.77,83,100,6.69,US,1687974477
63,douglas,41.3,-96.167,33.11,57,0,3.13,US,1687974691
64,taroudant,30.4703,-8.877,41.19,7,0,7.65,MA,1687974691
65,gumdag,39.2061,54.5906,30.2,34,0,7.47,TM,1687974691
66,moab,38.5733,-109.5498,34.23,9,52,4.68,US,1687974692
67,port saint john's,-31.6229,29.5448,18.87,84,100,4.57,ZA,1687974692
68,limon,10.0,-83.0333,29.94,79,0,4.12,CR,1687974458
69,barrouallie,13.2333,-61.2667,26.79,83,40,2.06,VC,1687974692
70,hafar al-batin,28.4328,45.9708,39.32,10,0,3.09,SA,1687974693
71,miles city,46.4083,-105.8406,24.54,57,0,3.6,US,1687974693
72,merizo village,13.2658,144.6691,27.31,94,99,4.48,GU,1687974693
73,santa elena de uairen,4.6167,-61.1333,26.19,61,47,3.55,VE,1687974693
74,olonkinbyen,70.9221,-8.7187,5.11,100,78,5.86,SJ,1687974693
75,kasserine,35.1676,8.8365,32.75,17,7,3.4,TN,1687974694
76,tiksi,71.6872,128.8694,6.81,71,81,1.35,RU,1687974694
77,at-bashi,41.1702,75.8106,14.9,40,70,2.38,KG,1687974694
78,tari,12.4086,4.4914,31.23,54,70,5.43,NG,1687974694
79,novyy urengoy,66.0833,76.6333,10.81,92,100,3.22,RU,1687974694
80,poplar bluff,36.757,-90.3929,31.88,64,0,3.6,US,1687974695
81,ust-nera,64.5667,143.2,17.76,83,46,1.18,RU,1687974695
82,nago,26.5881,127.9761,27.24,90,76,4.85,JP,1687974695
83,hami,42.8,93.45,27.59,16,33,1.06,CN,1687974695
84,coron,11.9986,120.2043,26.32,87,100,1.22,PH,1687974695
85,bangaon,23.0667,88.8167,27.11,89,48,5.76,IN,1687974696
86,salalah,17.0151,54.0924,28.05,89,100,3.6,OM,1687974696
87,dunedin,-45.8742,170.5036,9.89,76,100,5.81,NZ,1687974696
88,tabou,4.423,-7.3528,24.81,80,98,3.72,CI,1687974697
89,geraldton,-28.7667,114.6,8.23,81,0,3.6,AU,1687974697
90,sao tome,0.3365,6.7273,26.53,72,100,5.75,ST,1687974697
91,port elizabeth,-33.918,25.5701,14.16,94,0,0.51,ZA,1687974697
92,wailua homesteads,22.0669,-159.378,25.44,87,100,6.69,US,1687974698
93,selkirk,50.1436,-96.8845,27.28,64,95,3.66,CA,1687974698
94,chonchi,-42.6128,-73.8092,10.07,74,100,1.5,CL,1687974698
95,toumodi,6.5613,-5.0158,24.84,87,64,1.63,CI,1687974698
96,taro,-8.3862,115.28,22.0,96,91,0.22,ID,1687974699
97,tianshui,34.5439,105.6897,17.37,65,75,1.08,CN,1687974699
98,utrik,11.2278,169.8474,27.84,73,87,9.36,MH,1687974699
99,tsiombe,-25.3,45.4833,17.94,84,9,1.75,MG,1687974699
100,constantia,44.1833,28.65,17.61,82,96,7.99,RO,1687974699
101,kabalo,-6.05,26.9167,28.81,38,17,1.39,CD,1687974700
102,ust-tsilma,65.441,52.1498,9.76,80,100,1.31,RU,1687974700
103,mazatlan,23.2167,-106.4167,33.98,64,20,2.24,MX,1687974493
104,san luis,-33.295,-66.3356,16.48,19,95,1.87,AR,1687974701
105,muisne,0.6,-80.0333,27.75,80,33,3.24,EC,1687974701
106,bethel,41.3712,-73.414,26.68,64,75,3.09,US,1687974536
107,bilibino,68.0546,166.4372,8.81,61,77,0.73,RU,1687974701
108,lichinga,-13.3128,35.2406,15.05,67,0,4.12,MZ,1687974701
109,tuy hoa,13.0833,109.3,25.32,90,24,1.83,VN,1687974702
110,atar,20.5169,-13.0499,43.35,7,23,4.71,MR,1687974702
111,iskateley,67.6803,53.1512,7.89,68,100,1.94,RU,1687974702
112,tropea,38.6754,15.8948,25.61,73,0,2.09,IT,1687974702
113,georgetown,5.4112,100.3354,27.97,83,20,0.0,MY,1687974535
114,bandarbeyla,9.4942,50.8122,24.52,80,29,14.82,SO,1687974704
115,boyolangu,-8.1181,111.8935,23.46,94,98,2.37,ID,1687974704
116,santa cruz,-17.8,-63.1667,24.03,88,75,2.06,BO,1687974672
117,hukumati azrah,34.1736,69.6457,19.25,68,62,1.13,AF,1687974704
118,yaren,-0.5472,166.916,27.57,79,81,5.28,NR,1687974705
119,luganville,-15.5333,167.1667,21.23,77,92,1.57,VU,1687974705
120,coquimbo,-29.9533,-71.3436,15.85,72,0,4.63,CL,1687974470
121,gunupur,19.0833,83.8167,28.32,79,100,0.23,IN,1687974705
122,inirida,3.8653,-67.9239,25.97,81,99,1.16,CO,1687974706
123,plymouth,41.8334,-70.8328,25.92,77,75,4.12,US,1687974706
124,hilo,19.7297,-155.09,23.68,83,0,0.89,US,1687974484
125,broken hill,-31.95,141.4333,6.23,90,2,4.41,AU,1687974706
126,hamilton,39.1834,-84.5333,29.01,58,0,2.06,US,1687974488
127,umba,66.6871,34.3429,9.95,77,82,4.96,RU,1687974707
128,darwin,-12.4611,130.8418,25.99,83,100,1.03,AU,1687974707
129,prince rupert,54.3161,-130.3201,19.05,76,75,8.23,CA,1687974638
130,gowurdak,37.8124,66.0466,30.14,15,0,5.94,TM,1687974707
131,touros,-5.1989,-35.4608,26.23,86,47,7.14,BR,1687974708
132,thompson,55.7435,-97.8558,19.09,82,75,3.6,CA,1687974708
133,west island,-12.1568,96.8225,25.99,73,75,5.14,CC,1687974708
134,stanley,54.868,-1.6985,18.17,90,75,2.57,GB,1687974708
135,kidal,18.4411,1.4078,41.55,10,31,5.39,ML,1687974708
136,okha,53.5739,142.9478,8.02,96,96,3.77,RU,1687974709
137,la passe,45.5549,-0.8967,28.13,61,7,5.29,FR,1687974709
138,tazovsky,67.4667,78.7,9.51,75,88,3.82,RU,1687974709
139,yellowknife,62.456,-114.3525,25.29,50,75,3.6,CA,1687974443
140,kingston,17.997,-76.7936,34.02,61,20,4.12,JM,1687974495
141,"laikit, laikit ii (dimembe)",1.4792,124.9735,23.47,94,40,1.03,ID,1687974710
142,yerofey pavlovich,53.9667,121.9667,14.76,98,99,1.45,RU,1687974710
143,saldanha,-33.0117,17.9442,13.03,80,81,2.38,ZA,1687974710
144,qarqaraly,49.4058,75.4742,8.96,83,40,3.11,KZ,1687974710
145,rameswaram,9.2833,79.3,28.61,81,44,11.1,IN,1687974710
146,floro,61.5996,5.0328,18.04,77,75,3.09,NO,1687974711
147,mount pearl,47.5166,-52.7813,25.19,73,75,4.63,CA,1687974475
148,nova sintra,14.8667,-24.7167,21.45,78,4,6.33,CV,1687974711
149,kapa'a,22.0752,-159.319,26.18,87,100,6.69,US,1687974711
150,kavalerovo,44.2661,135.0572,17.12,100,100,0.75,RU,1687974712
151,gaigeturi,33.4644,126.3183,28.03,69,40,4.12,KR,1687974712
152,xuanzhou,30.9525,118.7553,26.83,78,100,2.21,CN,1687974712
153,chibougamau,49.9168,-74.3659,16.79,88,100,2.57,CA,1687974712
154,williams lake,52.1415,-122.1445,28.92,42,40,2.06,CA,1687974414
155,saint-francois,46.4154,3.9054,26.69,41,0,1.54,FR,1687974471
156,virginia,37.5481,-77.4467,28.76,58,75,3.6,US,1687974682
157,isangel,-19.55,169.2667,20.08,70,6,3.93,VU,1687974713
158,roma,43.2128,-75.4557,18.86,95,100,4.63,US,1687974713
159,mahajanga,-15.7167,46.3167,22.01,83,20,2.06,MG,1687974713
160,manicore,-5.8092,-61.3003,35.13,32,7,2.18,BR,1687974714
161,olinda,-8.0089,-34.8553,27.85,74,75,6.69,BR,1687974714
162,lloydminster,53.2835,-110.0016,21.12,49,20,3.09,CA,1687974714
163,sitka,57.0531,-135.33,14.94,88,75,2.06,US,1687974457
164,chapaev,50.2,51.1667,20.15,50,64,3.57,KZ,1687974714
165,christchurch,-43.5333,172.6333,9.95,91,100,4.12,NZ,1687974595
166,port moresby,-9.4431,147.1797,23.29,83,62,2.76,PG,1687974715
167,livingston,55.9029,-3.5226,19.0,65,40,4.12,GB,1687974715
168,sarmiento,-45.5882,-69.07,5.67,60,40,1.77,AR,1687974715
169,vadso,70.0744,29.7487,10.49,81,75,5.14,NO,1687974715
170,insar,53.8653,44.3738,13.96,88,46,2.46,RU,1687974716
171,las tablas,7.7667,-80.2833,30.2,70,95,4.6,PA,1687974716
172,biddinghuizen,52.455,5.6931,22.22,79,100,0.78,NL,1687974716
173,akureyri,65.6835,-18.0878,8.96,93,75,5.14,IS,1687974716
174,si sa ket,14.8333,104.3333,29.01,72,62,2.62,TH,1687974716
175,moapa valley,36.5805,-114.4703,33.08,7,8,3.69,US,1687974717
176,puerto la cruz,10.2167,-64.6167,29.11,69,95,4.35,VE,1687974717
177,tolanaro,-25.0319,46.9987,18.04,88,40,0.0,MG,1687974717
178,cabedelo,-6.9811,-34.8339,27.37,83,15,7.11,BR,1687974717
179,zhezqazghan,47.7833,67.7667,19.38,28,38,3.12,KZ,1687974718
180,brasileia,-11.0161,-68.7481,34.25,55,75,1.54,BR,1687974718
181,castillos,-34.1667,-53.8333,14.72,47,9,5.39,UY,1687974718
182,carnarvon,-24.8667,113.6333,14.22,47,0,7.87,AU,1687974718
183,whitehorse,60.7161,-135.0538,18.94,52,75,6.17,CA,1687974509
184,warman,52.3168,-106.5679,19.95,60,40,5.66,CA,1687974709
185,thaton,16.9206,97.3714,26.57,87,97,1.41,MM,1687974719
186,kenai,60.5544,-151.2583,11.19,95,100,4.63,US,1687974543
187,aktau,43.65,51.2,25.32,51,0,6.83,KZ,1687974719
188,kabompo,-13.5927,24.2008,19.37,32,0,1.36,ZM,1687974719
189,rabaul,-4.1967,152.1721,25.95,82,98,2.8,PG,1687974720
190,gray,35.4167,-100.802,37.6,14,17,11.2,US,1687974720
191,petrozavodsk,61.7849,34.3469,23.7,43,100,3.0,RU,1687974643
192,tete,-16.1564,33.5867,25.05,41,0,3.6,MZ,1687974720
193,aasiaat,68.7098,-52.8699,3.53,81,79,6.99,GL,1687974720
194,kendari,-3.945,122.4989,24.23,93,82,1.01,ID,1687974721
195,point fortin,10.1833,-61.6833,29.94,65,77,6.56,TT,1687974721
196,san luis de la loma,17.2706,-100.8939,32.06,58,10,4.15,MX,1687974721
197,tura,25.5198,90.2201,23.56,97,94,2.82,IN,1687974721
198,colonia,50.9333,6.95,24.36,58,0,2.06,DE,1687974722
199,chapadinha,-3.7417,-43.3603,34.24,36,13,2.07,BR,1687974722
200,nelson bay,-32.7167,152.15,10.56,95,87,4.92,AU,1687974722
201,richards bay,-28.783,32.0377,20.72,65,0,6.03,ZA,1687974722
202,hagere maryam,5.6333,38.2333,15.76,88,98,1.1,ET,1687974723
203,kotabumi,-4.8333,104.9,23.45,95,64,1.42,ID,1687974723
204,sanya,18.2431,109.505,28.09,89,0,2.0,CN,1687974458
205,daru,-9.0763,143.2092,23.63,75,12,3.81,PG,1687974723
206,atafu village,-8.5421,-172.5159,28.68,76,77,7.4,TK,1687974723
207,rio grande,-32.035,-52.0986,17.06,70,81,7.66,BR,1687974666
208,pointe michel,15.25,-61.3833,31.52,58,75,1.54,DM,1687974724
209,kharan,28.5833,65.4167,36.97,18,47,1.33,PK,1687974724
210,aketi,2.7388,23.7833,25.12,77,96,1.67,CD,1687974724
211,polyarnyy,69.1989,33.4478,9.75,81,80,6.36,RU,1687974724
212,chatillon-sur-seine,47.8585,4.5738,25.48,54,18,3.29,FR,1687974725
213,bobo-dioulasso,11.1771,-4.2979,29.25,61,40,2.06,BF,1687974725
214,tangalle,6.024,80.7911,26.15,86,49,4.96,LK,1687974725
215,punta arenas,-53.15,-70.9167,2.06,93,100,6.17,CL,1687974525
216,opi,6.7814,7.4365,25.65,96,97,2.36,NG,1687974727
217,arraial do cabo,-22.9661,-42.0278,28.98,57,0,4.63,BR,1687974727
218,newman,37.3138,-121.0208,26.14,28,0,1.08,US,1687974727
219,east london,-33.0153,27.9116,17.52,88,0,1.03,ZA,1687974727
220,la ronge,55.1001,-105.2842,21.14,43,20,4.63,CA,1687974728
221,keflavik,64.0049,-22.5624,9.24,81,100,14.4,IS,1687974728
222,vel'sk,61.0701,42.0983,17.98,67,24,1.44,RU,1687974728
223,novodvinsk,64.4165,40.8122,13.54,59,42,1.97,RU,1687974729
224,tongliao,43.6125,122.2653,21.76,66,100,2.51,CN,1687974729
225,luderitz,-26.6481,15.1594,13.47,92,98,4.86,NA,1687974729
226,severo-yeniseyskiy,60.3725,93.0408,11.81,66,98,1.91,RU,1687974729
227,ta`u,-14.2336,-169.5144,26.81,78,25,1.73,AS,1687974729
228,viqueque,-8.8673,126.3658,24.11,93,55,0.51,TL,1687974730
229,depalpur,22.85,75.55,24.22,84,100,5.86,IN,1687974730
230,persembe,41.0656,37.7714,23.68,89,5,1.31,TR,1687974730
231,palmer,42.1584,-72.3287,27.36,73,75,2.57,US,1687974730
232,rouissat,31.9243,5.3502,40.04,11,0,2.06,DZ,1687974731
233,ancud,-41.8697,-73.8203,8.7,76,88,1.78,CL,1687974460
234,necochea,-38.5473,-58.7368,11.18,68,37,7.62,AR,1687974731
235,amga,60.8953,131.9608,18.46,92,36,1.7,RU,1687974731
236,mingguang,32.7802,117.9638,26.17,89,100,3.98,CN,1687974731
237,pont rouge,48.8833,-72.0825,21.06,87,99,4.69,CA,1687974732
238,minbu,20.1833,94.8833,28.21,73,5,2.16,MM,1687974732
239,taunggyi,20.7833,97.0333,18.19,95,77,1.15,MM,1687974732
240,vyazemskiy,47.5378,134.7525,18.94,92,97,2.22,RU,1687974732
241,cockburn town,21.4612,-71.1419,28.33,73,5,4.7,TC,1687974733
242,harper,4.375,-7.7169,24.73,80,99,3.68,LR,1687974733
243,nar'yan-mar,67.6713,53.087,7.93,69,100,1.98,RU,1687974733
244,hithadhoo,-0.6,73.0833,27.94,62,24,1.98,MV,1687974733
245,sao mateus do maranhao,-4.0417,-44.475,33.84,40,15,2.57,BR,1687974734
246,aripuana,-9.1667,-60.6333,35.2,28,0,1.31,BR,1687974734
247,margaret river,-33.95,115.0667,10.65,75,83,1.69,AU,1687974734
248,tadine,-21.55,167.8833,19.47,66,3,4.18,NC,1687974734
249,los frentones,-26.4077,-61.4137,14.37,77,100,4.38,AR,1687974734
250,darhan,49.4867,105.9228,13.47,80,97,1.47,MN,1687974735
251,enriquillo,17.9,-71.2333,34.82,56,79,5.2,DO,1687974735
252,coahuayana de hidalgo,18.7,-103.6583,33.6,52,14,3.54,MX,1687974735
253,holdrege,40.4403,-99.3698,26.95,65,0,3.6,US,1687974735
254,papayal,-4.0761,-80.7361,31.58,47,11,3.65,PE,1687974736
255,margate,51.3813,1.3862,24.37,75,100,3.28,GB,1687974736
256,pisco,-13.7,-76.2167,21.12,64,0,3.6,PE,1687974736
257,kujama,10.4542,7.6368,24.98,68,56,2.6,NG,1687974736
258,i-n-salah,27.1935,2.4607,41.03,7,12,7.29,DZ,1687974736
259,bequimao,-2.4489,-44.7825,30.67,58,42,1.27,BR,1687974737
260,haiku-pauwela,20.9219,-156.3051,24.47,81,75,3.6,US,1687974737
261,petropavlovsk-kamchatsky,53.0452,158.6483,9.33,100,75,1.0,RU,1687974737
262,peace river,56.2501,-117.286,24.17,60,75,2.57,CA,1687974737
263,mount gambier,-37.8333,140.7667,8.13,82,100,2.74,AU,1687974738
264,samaniego,1.3385,-77.5957,24.31,64,50,2.71,CO,1687974738
265,pingliang,35.5392,106.6861,19.04,36,85,1.98,CN,1687974738
266,katabu,-4.9333,122.5167,24.34,91,100,1.47,ID,1687974738
267,ben gardane,33.1378,11.2197,29.27,50,0,7.02,TN,1687974738
268,udachny,66.4167,112.4,13.03,54,99,4.08,RU,1687974739
269,marquette,46.5333,-87.6335,16.49,93,98,1.79,US,1687974739
270,banswara,23.55,74.45,27.45,82,91,5.55,IN,1687974739
271,belyy yar,53.6039,91.3903,16.94,82,40,5.0,RU,1687974739
272,wanning,18.8003,110.3967,27.12,88,95,2.01,CN,1687974740
273,point pedro,9.8167,80.2333,28.08,81,40,9.85,LK,1687974740
274,kone,-21.0595,164.8658,15.49,82,7,1.32,NC,1687974740
275,sinop,41.7711,34.8709,17.89,96,58,0.6,TR,1687974740
276,adam,22.3756,57.5233,31.27,57,79,6.45,OM,1687974740
277,caibiran,11.5717,124.5822,26.86,85,97,0.45,PH,1687974741
278,banamba,13.55,-7.45,31.9,41,56,1.75,ML,1687974741
279,bathsheba,13.2167,-59.5167,30.34,79,40,7.2,BB,1687974741
280,redencao,-4.2258,-38.7306,30.73,52,22,4.11,BR,1687974742
281,aldama,22.9167,-98.0667,33.22,39,14,4.05,MX,1687974742
282,buurhakaba,2.8026,44.0781,24.63,73,94,8.12,SO,1687974742
283,umm kaddadah,13.6017,26.6876,36.21,23,8,1.82,SD,1687974742
284,veseloyarsk,51.2836,81.1056,13.16,81,48,5.55,RU,1687974743
285,auki,-8.7676,160.7034,25.1,91,99,3.03,SB,1687974743
286,pacific grove,36.6177,-121.9166,17.79,89,100,3.13,US,1687974743
287,mil'kovo,55.6078,37.7956,19.22,91,92,3.77,RU,1687974743
288,san antonio de pale,-1.4014,5.6325,24.74,78,72,5.66,GQ,1687974743
289,mar del plata,-38.0023,-57.5575,12.19,73,20,7.2,AR,1687974454
290,copiapo,-27.3667,-70.3333,15.83,27,0,2.25,CL,1687974499
291,ilulissat,69.2167,-51.1,7.01,76,40,2.06,GL,1687974744
292,college,64.8569,-147.8028,19.56,63,100,0.0,US,1687974744
293,katwijk aan zee,52.2033,4.3986,22.73,69,96,2.88,NL,1687974745
294,mejit,10.2753,170.8646,27.64,77,100,8.34,MH,1687974745
295,puerto carreno,6.189,-67.4859,31.13,58,36,3.43,CO,1687974745
296,mugia,43.1041,-9.2179,23.28,79,1,8.25,ES,1687974745
297,takanabe,32.1333,131.5,25.94,91,84,2.24,JP,1687974745
298,mbandaka,0.0487,18.2603,23.24,88,94,1.41,CD,1687974746
299,lagoa,39.05,-27.9833,20.03,89,88,12.31,PT,1687974746
300,bonthe,7.5264,-12.505,26.59,74,100,4.87,SL,1687974746
301,aral,40.5156,81.2636,26.83,29,80,4.18,CN,1687974746
302,aldinga beach,-35.2793,138.4604,9.26,78,78,3.09,AU,1687974747
303,dunda,-8.1167,34.25,18.01,53,11,1.99,TZ,1687974747
304,nuuk,64.1835,-51.7216,8.34,76,75,4.12,GL,1687974468
305,thunder bay,48.4001,-89.3168,18.95,68,75,4.63,CA,1687974639
306,clodomira,-27.5744,-64.1311,19.82,29,84,3.27,AR,1687974747
307,las pedroneras,39.45,-2.6739,35.09,12,42,2.71,ES,1687974748
308,tchibanga,-2.85,11.0333,23.52,70,84,2.68,GA,1687974748
309,hovd,48.0056,91.6419,19.86,30,68,4.3,MN,1687974748
310,balqash,46.8481,74.995,18.04,49,4,4.08,KZ,1687974748
311,gordonvale,-17.0936,145.7842,18.84,100,27,1.31,AU,1687974749
312,crane,31.3974,-102.3501,37.45,14,0,10.64,US,1687974749
313,veinticinco de mayo,-35.4323,-60.1727,16.1,41,0,2.24,AR,1687974749
314,howrah,22.5892,88.3103,27.0,89,75,2.06,IN,1687974494
315,ola,59.5833,151.2833,13.97,93,62,0.63,RU,1687974750
316,oncativo,-31.9135,-63.682,19.26,20,14,4.02,AR,1687974750
317,labrador city,52.9463,-66.9114,13.95,100,100,4.12,CA,1687974750
318,at taj,24.2049,23.2857,31.44,18,0,4.88,LY,1687974750
319,guerrero negro,27.9769,-114.0611,20.31,65,63,7.71,MX,1687974750
320,ebon,4.582,168.6964,27.44,81,100,5.12,MH,1687974751
321,holualoa,19.6228,-155.9522,23.91,78,40,0.89,US,1687974751
322,birnin kebbi,12.4539,4.1975,31.95,51,93,5.46,NG,1687974751
323,pechora,65.1472,57.2244,11.7,65,100,2.25,RU,1687974751
324,luau,-10.7073,22.2247,21.74,27,1,0.95,AO,1687974752
325,kawambwa,-9.7915,29.0791,18.3,49,17,1.42,ZM,1687974752
326,yelizovo,53.1873,158.3805,10.08,100,75,1.0,RU,1687974752
327,saint-joseph,-21.3667,55.6167,19.21,75,26,3.02,RE,1687974752
328,nagqu,31.5,92.0,6.44,85,100,0.95,CN,1687974752
329,fort mcmurray,56.7268,-111.381,26.77,44,0,3.09,CA,1687974488
330,dalandzadgad,43.5708,104.425,20.4,19,10,4.79,MN,1687974753
331,kill devil hills,36.0307,-75.676,29.0,73,0,5.14,US,1687974753
332,znamenskoye,57.1281,73.8282,12.1,71,94,3.64,RU,1687974753
333,mazamari,-11.3258,-74.5308,31.73,44,40,0.92,PE,1687974753
334,la'ie,21.6477,-157.9253,26.17,75,20,1.79,US,1687974754
335,birao,10.2849,22.7882,30.58,46,99,1.98,CF,1687974754
336,chui,-33.6971,-53.4616,15.26,53,52,4.79,UY,1687974754
337,klyuchi,52.2667,79.1667,14.57,75,83,7.18,RU,1687974754
338,ambodifotatra,-16.9833,49.85,23.51,69,36,4.82,MG,1687974755
339,gadzhiyevo,69.2551,33.3362,8.86,83,77,6.71,RU,1687974755
340,embrun,44.5639,6.4953,23.17,76,59,1.71,FR,1687974755
341,inhambane,-23.865,35.3833,21.99,83,40,3.13,MZ,1687974755
342,hobyo,5.3505,48.5268,25.58,82,93,11.64,SO,1687974756
343,swift current,50.2834,-107.8014,22.45,53,20,6.17,CA,1687974756
344,hidalgo,20.5,-99.0,24.82,38,18,4.35,MX,1687974756
345,cannonvale,-20.2833,148.7,20.66,82,13,1.6,AU,1687974756
346,queenstown,-31.8976,26.8753,9.93,75,69,4.06,ZA,1687974757
347,hasaki,35.7333,140.8333,24.56,94,97,4.5,JP,1687974757
348,kristiansund,63.1115,7.732,19.03,67,0,3.09,NO,1687974757
349,kapuskasing,49.4169,-82.4331,20.05,26,20,2.06,CA,1687974757
350,ambon,-3.6954,128.1814,28.26,79,40,3.09,ID,1687974757
351,vitry-le-francois,48.7333,4.5833,26.23,59,11,2.85,FR,1687974758
352,maceio,-9.6658,-35.7353,25.69,83,100,2.06,BR,1687974716
353,zhangatas,43.5667,69.75,20.22,35,19,3.83,KZ,1687974758
354,vorgashor,67.5833,63.95,7.79,58,41,3.98,RU,1687974758
355,saint-pierre,-21.3393,55.4781,19.82,68,20,3.6,RE,1687974758
356,brisas de zicatela,15.8369,-97.0419,30.15,68,100,2.97,MX,1687974759
357,afaahiti,-17.75,-149.2833,25.93,82,44,8.33,PF,1687974759
358,ponta delgada,37.7333,-25.6667,25.4,69,20,4.12,PT,1687974759
359,longyearbyen,78.2186,15.6401,7.91,81,75,4.12,SJ,1687974759
360,nanao,37.05,136.9667,22.93,95,73,3.2,JP,1687974759
361,sinabang,2.4803,96.3801,26.57,82,98,1.33,ID,1687974760
362,susuman,62.7833,148.1667,15.88,82,68,2.03,RU,1687974760
363,galveston,29.3669,-94.9669,37.8,63,0,5.66,US,1687974605
364,yuzhno-kurilsk,44.0306,145.8556,13.39,100,100,1.22,RU,1687974760
365,sao borja,-28.6606,-56.0044,15.53,91,89,5.57,BR,1687974760
366,majene,-3.5403,118.9707,25.33,90,99,1.56,ID,1687974761
367,egilsstadir,65.2653,-14.3948,10.95,87,75,4.12,IS,1687974761
368,uturoa,-16.7333,-151.4333,26.91,69,1,9.07,PF,1687974761
369,valparaiso,-33.0393,-71.6273,16.13,67,0,2.57,CL,1687974761
370,priob'ye,62.5206,65.5964,10.35,96,100,3.44,RU,1687974762
371,kalmunai,7.4167,81.8167,27.4,79,47,2.11,LK,1687974762
372,magdagachi,53.45,125.8,17.29,95,52,2.15,RU,1687974762
373,krasnokholmskiy,55.9873,55.0466,15.66,79,48,3.01,RU,1687974762
374,peniche,39.3558,-9.3811,24.05,80,0,9.55,PT,1687974762
375,lodja,-3.4833,23.4333,26.06,63,62,0.52,CD,1687974763
376,frontera,26.9333,-101.45,33.83,37,0,2.68,MX,1687974763
377,assab,13.0092,42.7394,32.45,67,55,7.08,ER,1687974763
378,taroa,8.7058,171.2275,28.08,77,100,7.92,MH,1687974763
379,dahegam,23.1667,72.8167,26.87,76,100,5.5,IN,1687974763
380,el granada,37.5027,-122.4694,23.11,80,40,5.66,US,1687974764
381,east ballina,-28.8667,153.5833,18.22,70,89,4.4,AU,1687974764
382,ushibukamachi,32.1906,130.0228,24.2,94,100,3.15,JP,1687974764
383,chinsali,-10.5414,32.0816,16.22,59,87,2.77,ZM,1687974764
384,karkira,36.9292,6.5856,25.89,59,0,2.66,DZ,1687974764
385,kulhudhuffushi,6.6221,73.07,27.63,78,30,5.98,MV,1687974765
386,menongue,-14.6585,17.691,16.45,23,52,0.5,AO,1687974765
387,magangue,9.242,-74.7547,33.1,56,93,0.46,CO,1687974765
388,jinchang,38.4953,102.1739,21.66,30,68,2.45,CN,1687974765
389,el calafate,-50.3408,-72.2768,1.35,87,89,0.7,AR,1687974765
390,aneho,6.2333,1.6,26.11,91,100,5.21,TG,1687974766
391,siavonga,-16.5382,28.7088,20.51,47,0,3.28,ZM,1687974766
392,franklin,39.9667,-83.0166,26.92,62,40,3.6,US,1687974766
393,tamanrasset,22.785,5.5228,34.95,10,40,3.09,DZ,1687974766
394,ardestan,33.3761,52.3694,34.57,11,0,3.4,IR,1687974766
395,malindi,-3.2175,40.1191,24.91,82,19,6.88,KE,1687974767
396,limulunga,-15.0969,23.1376,19.52,31,4,1.72,ZM,1687974767
397,khorixas,-20.3667,14.9667,11.54,21,0,3.42,NA,1687974767
398,semporna,4.4818,118.6112,26.31,85,56,1.51,MY,1687974767
399,santo antonio do ica,-3.1022,-67.9397,29.0,80,79,1.61,BR,1687974768
400,st. john's,47.5649,-52.7093,25.66,73,75,4.63,CA,1687974735
401,ritchie,-29.038,24.6028,12.56,42,62,6.66,ZA,1687974768
402,rexburg,43.826,-111.7897,21.35,43,0,2.06,US,1687974537
403,kyzyl-mazhalyk,51.1333,90.6,14.78,68,78,0.79,RU,1687974768
404,matoury,4.8483,-52.3317,26.98,83,75,2.06,GF,1687974769
405,saint-philippe,-21.3585,55.7679,19.77,74,20,4.66,RE,1687974769
406,flin flon,54.7682,-101.865,16.91,88,100,3.6,CA,1687974769
407,raduzhny,62.0961,77.475,11.57,84,100,1.2,RU,1687974769
408,red hill,33.9996,-79.2581,33.38,50,0,2.76,US,1687974769
409,puerto baquerizo moreno,-0.9,-89.6,28.55,65,20,7.2,EC,1687974770
410,qui nhon,13.7667,109.2333,26.57,85,73,1.58,VN,1687974770
411,yakutsk,62.0339,129.7331,19.98,82,40,3.13,RU,1687974770
412,atambua,-9.1061,124.8925,22.35,91,95,1.77,ID,1687974770
413,genhe,50.7833,121.5167,13.32,98,100,1.34,CN,1687974770
414,ndele,8.4109,20.6473,24.75,80,72,1.61,CF,1687974771
415,nipomo,35.0428,-120.476,20.13,77,100,0.0,US,1687974656
416,codrington,-38.2667,141.9667,8.9,78,100,4.88,AU,1687974771
417,altamira,-3.2033,-52.2064,32.05,62,75,1.54,BR,1687974581
418,biskupiec,53.8647,20.9569,16.9,89,47,3.98,PL,1687974771
419,sault ste. marie,46.5168,-84.3333,23.16,40,0,1.54,CA,1687974633
420,chilecito,-29.1619,-67.4974,15.26,35,7,1.47,AR,1687974772
421,igarka,67.4667,86.5833,11.33,60,43,1.81,RU,1687974773
422,somero,60.6167,23.5333,20.24,86,99,0.76,FI,1687974773
423,suizhou,31.7111,113.3631,27.38,78,100,1.92,CN,1687974773
424,bamboo flat,11.7,92.7167,27.05,94,40,0.0,IN,1687974773
425,kavaratti,10.5669,72.642,28.42,76,100,7.4,IN,1687974773
426,karasuk,53.7377,78.0403,13.62,83,93,8.15,RU,1687974774
427,vila franca do campo,37.7167,-25.4333,25.23,78,90,6.73,PT,1687974774
428,katsuura,35.1333,140.3,23.63,88,97,6.88,JP,1687974774
429,sabang,5.8933,95.3214,28.23,77,92,5.39,ID,1687974774
430,pervomayskoye,43.919,46.7102,22.68,49,12,4.48,RU,1687974775
431,greymouth,-42.4667,171.2,9.47,93,99,2.86,NZ,1687974775
432,el paujil,1.5701,-75.3286,24.28,93,94,1.39,CO,1687974775
433,zhenzhou,32.2692,119.1789,29.94,78,100,3.99,CN,1687974775
434,khanty-mansiysk,61.0042,69.0019,16.06,67,0,1.0,RU,1687974776
435,hampton bays,40.869,-72.5176,26.08,89,75,3.6,US,1687974776
436,nikolayevsk-on-amure,53.1406,140.73,11.75,96,81,1.09,RU,1687974776
437,napili-honokowai,20.9708,-156.6705,25.1,83,7,6.25,US,1687974776
438,dalnerechensk,45.9339,133.7225,18.82,95,27,1.66,RU,1687974777
439,yangshuo,24.7808,110.4897,24.61,89,100,0.64,CN,1687974777
440,twon-brass,4.3151,6.2418,24.44,89,100,3.31,NG,1687974777
441,huizhou,23.0833,114.4,25.94,92,78,0.49,CN,1687974777
442,kailua-kona,19.6406,-155.9956,25.98,78,40,0.89,US,1687974778
443,cidreira,-30.1811,-50.2056,15.8,90,88,5.91,BR,1687974778
444,fale old settlement,-9.3852,-171.2468,28.81,73,69,6.15,TK,1687974778
445,alice springs,-23.7,133.8833,12.9,53,100,25.48,AU,1687974778
446,al kharijah,25.4514,30.5464,33.48,18,0,4.8,EG,1687974779
447,meiganga,6.5167,14.3,19.41,98,100,1.49,CM,1687974779
448,sisimiut,66.9395,-53.6735,5.98,74,93,6.33,GL,1687974779
449,pointe-noire,-4.7761,11.8635,21.66,91,8,4.45,CG,1687974779
450,archangelos,36.2149,28.1149,24.99,70,0,3.0,GR,1687974780
451,oranjemund,-28.55,16.4333,14.65,92,80,6.38,NA,1687974780
452,fairfield,41.2668,-73.3162,26.76,72,75,4.63,US,1687974575
453,motygino,58.1831,94.7592,12.35,70,71,1.36,RU,1687974780
454,bakanas,44.8081,76.2772,22.16,31,29,4.55,KZ,1687974780
455,grande prairie,55.1667,-118.8027,22.1,60,0,2.06,CA,1687974540
456,mogadishu,2.0371,45.3438,25.06,84,70,7.57,SO,1687974601
457,buka,40.8108,69.1986,23.09,19,3,3.25,UZ,1687974781
458,sesheke,-17.4759,24.2968,19.44,29,2,1.69,ZM,1687974781
459,yichang,30.7144,111.2847,26.44,86,100,1.25,CN,1687974493
460,las heras,-46.5419,-68.9359,4.96,56,25,3.81,AR,1687974782
461,sao gabriel da cachoeira,-0.1303,-67.0892,28.0,83,43,1.19,BR,1687974787
462,nadym,65.5333,72.5167,7.37,77,76,6.09,RU,1687974788
463,cumbal,0.9088,-77.7915,12.6,72,75,5.14,CO,1687974788
464,lompoc,34.6391,-120.4579,16.08,100,75,5.14,US,1687974509
465,ad douiem,14.0012,32.3116,38.09,20,4,1.74,SD,1687974788
466,aykhal,66.0,111.5,11.81,50,100,4.32,RU,1687974788
467,al muwayh,22.4333,41.7583,35.54,9,68,2.47,SA,1687974789
468,svay rieng,11.0879,105.7993,27.33,78,100,3.31,KH,1687974789
469,troitskoye,52.9821,84.6757,16.77,56,81,6.08,RU,1687974789
470,khovd,48.0056,91.6419,19.86,30,68,4.3,MN,1687974789
471,chernyshevskiy,63.0128,112.4714,18.18,56,98,3.64,RU,1687974790
472,mentougou,39.9392,116.0917,20.52,65,31,0.88,CN,1687974790
473,nova vicosa,-17.8919,-39.3719,24.19,79,16,3.42,BR,1687974790
474,weno,7.4515,151.8468,27.97,83,100,3.09,FM,1687974790
475,ryotsu-minato,38.0833,138.4333,21.66,89,78,5.58,JP,1687974790
476,khost,33.3395,69.9204,27.7,61,40,1.82,AF,1687974791
477,eureka,40.8021,-124.1637,13.85,89,37,0.89,US,1687974791
478,peruibe,-24.32,-46.9983,28.76,42,0,1.39,BR,1687974791
479,hadibu,12.65,54.0333,26.44,77,82,9.82,YE,1687974791
480,riberalta,-10.9833,-66.1,32.11,51,40,3.09,BO,1687974791
481,tahoua,14.8888,5.2692,35.52,32,33,5.22,NE,1687974792
482,howard springs,-12.497,131.047,25.95,86,22,2.4,AU,1687974792
483,illizi,26.4833,8.4667,40.89,9,39,5.53,DZ,1687974792
484,turpan,42.9333,89.1667,33.86,15,19,3.95,CN,1687974792
485,murun-kuren,49.6342,100.1625,12.74,51,23,0.48,MN,1687974793
486,betio village,1.358,172.9211,26.02,76,77,1.46,KI,1687974793
487,tossa de mar,41.7325,2.9338,26.89,59,72,2.7,ES,1687974550
488,rantauprapat,2.1,99.8333,23.48,98,94,0.95,ID,1687974793
489,moyale,3.5167,39.0584,22.79,58,88,2.91,KE,1687974794
490,pangody,65.85,74.4859,9.52,90,100,5.11,RU,1687974797
491,smyshlyayevka,53.2391,50.3907,20.58,69,96,1.61,RU,1687974797
492,yeppoon,-23.1333,150.7333,16.88,72,63,2.83,AU,1687974797
493,kokopo,-4.352,152.2633,24.74,86,98,2.72,PG,1687974798
494,puerto real,36.5282,-6.1901,32.56,78,0,3.09,ES,1687974798
495,cuyo,10.8525,121.0086,27.9,76,100,1.68,PH,1687974798
496,malaya vishera,58.8454,32.2222,15.53,93,100,1.7,RU,1687974798
497,vorkuta,67.5,64.0,8.05,59,41,3.97,RU,1687974799
498,nouadhibou,20.931,-17.0347,22.28,77,6,12.19,MR,1687974799
499,sittwe,20.15,92.9,27.61,87,93,1.36,MM,1687974799
500,bukoba,-1.3317,31.8122,22.99,83,20,0.0,TZ,1687974799
501,mahibadhoo,3.7833,72.9667,28.11,74,8,5.06,MV,1687974799
502,ketchikan,55.3422,-131.6461,16.26,88,100,6.17,US,1687974800
503,byron,44.0327,-92.6455,27.63,57,75,8.23,US,1687974742
504,bestobe,52.4994,73.0975,13.95,75,85,5.58,KZ,1687974800
505,suva,-18.1416,178.4415,16.71,100,20,2.06,FJ,1687974805
506,alamosa,37.4695,-105.87,25.99,14,0,6.17,US,1687974805
507,zhosaly,45.4878,64.0781,24.9,26,42,2.52,KZ,1687974806
508,port lincoln,-34.7333,135.8667,11.55,66,85,4.29,AU,1687974806
509,okakarara,-20.5833,17.4333,7.45,20,0,1.8,NA,1687974806
510,soto la marina,23.7667,-98.2167,38.26,29,1,5.71,MX,1687974807
511,pitimbu,-7.4706,-34.8086,27.33,83,10,6.55,BR,1687974807
512,zakynthos,37.7914,20.8953,28.62,45,0,3.09,GR,1687974782
513,mesquite,32.7668,-96.5992,37.22,58,0,0.89,US,1687974807
514,nyurba,63.2842,118.3319,16.77,93,100,2.89,RU,1687974807
515,dornstadt,48.467,9.9443,22.58,65,41,0.88,DE,1687974808
516,brookings,44.3114,-96.7984,26.92,70,40,4.12,US,1687974808
517,patacamaya,-17.2333,-67.9167,13.62,8,0,1.57,BO,1687974808
518,richfield,44.8833,-93.283,27.54,60,100,7.2,US,1687974682
519,oyama,36.3,139.8,26.44,89,98,1.08,JP,1687974809
520,beloyarskiy,63.7119,66.6722,11.32,71,100,2.71,RU,1687974809
521,korsakov,46.6328,142.7813,15.91,98,100,1.42,RU,1687974809
522,khandyga,62.6667,135.6,17.01,93,71,1.88,RU,1687974810
523,zahedan,29.4963,60.8629,32.95,8,0,4.12,IR,1687974657
524,zdvinsk,54.7021,78.661,12.29,93,98,7.72,RU,1687974810
525,mari-turek,56.7895,49.6235,15.86,80,59,2.84,RU,1687974810
526,baker city,44.7749,-117.8344,21.44,60,62,2.06,US,1687974650
527,rouyn-noranda,48.2398,-79.0288,20.05,52,100,5.66,CA,1687974531
528,qaqortoq,60.7167,-46.0333,6.2,87,100,1.92,GL,1687974811
529,dakhla,23.6848,-15.958,25.01,78,32,9.26,EH,1687974811
530,aguas vermelhas,-15.7472,-41.46,25.43,44,50,2.78,BR,1687974811
531,corn island,12.1694,-83.0418,26.92,85,100,5.0,NI,1687974812
532,lincoln city,44.9582,-124.0179,19.83,78,65,3.13,US,1687974635
533,'ali sabieh,11.1558,42.7125,33.07,27,12,4.83,DJ,1687974812
534,hotan,37.0997,79.9269,30.65,17,84,7.25,CN,1687974813
535,yulinshi,38.2906,109.7494,22.8,34,87,2.45,CN,1687974813
536,chunskiy,56.0815,99.6342,9.99,90,81,1.9,RU,1687974813
537,penaranda de bracamonte,40.9011,-5.2003,30.75,18,1,5.13,ES,1687974537
538,zyryanovsk,49.7386,84.2719,12.46,91,32,0.83,KZ,1687974813
539,kayangel,8.0823,134.7173,28.49,74,98,1.75,PW,1687974814
540,tinajo,29.0788,-13.7081,31.49,40,0,8.23,ES,1687974814
541,gaspe,48.8334,-64.4819,26.12,65,75,7.2,CA,1687974814
542,nsanje,-16.92,35.262,20.22,52,24,1.67,MW,1687974814
543,akrehamn,59.2667,5.1833,18.33,94,75,5.14,NO,1687974814
544,madalena,41.2162,-8.3345,30.86,57,0,3.1,PT,1687974815
545,santa maria del oro,25.9333,-105.3667,31.99,13,1,2.34,MX,1687974815
546,karkkila,60.5342,24.2098,21.03,89,100,1.18,FI,1687974815
547,swakopmund,-22.6833,14.5333,14.43,78,0,2.68,NA,1687974815
548,kirensk,57.7853,108.1119,11.92,99,100,2.01,RU,1687974815
549,kachkanar,58.7,59.4948,12.14,91,95,3.19,RU,1687974816
550,along,28.1667,94.7667,23.29,98,74,0.74,IN,1687974816
551,zouerate,22.7187,-12.4521,42.06,8,1,4.57,MR,1687974816
552,luwingu,-10.2621,29.9271,15.9,58,18,1.12,ZM,1687974817
553,kavieng,-2.5744,150.7967,26.92,78,95,1.3,PG,1687974817
554,ain sukhna,29.6002,32.3167,28.56,54,0,5.25,EG,1687974817
555,cassia,-20.5831,-46.9219,26.56,29,0,0.48,BR,1687974817
556,ust'-charyshskaya pristan',52.3934,83.6635,16.58,53,55,6.9,RU,1687974819
557,tromso,69.6496,18.957,14.65,82,75,3.6,NO,1687974820
558,pandan,14.0453,124.1694,26.47,86,66,1.9,PH,1687974820
559,maintirano,-18.0667,44.0167,22.69,65,2,3.75,MG,1687974820
560,baiti,13.745,-14.7482,36.5,35,89,1.03,SN,1687974820
561,kurumkan,54.3,110.3,11.85,81,98,1.27,RU,1687974820
562,nampula,-15.1165,39.2666,20.97,56,75,1.54,MZ,1687974821
563,sandnessjoen,66.0217,12.6316,21.29,82,20,5.14,NO,1687974821
564,sweetwater,25.7634,-80.3731,35.57,59,75,4.63,US,1687974630
565,port blair,11.6667,92.75,27.02,94,40,0.0,IN,1687974821
566,hirado,33.3597,129.5531,24.66,96,99,5.98,JP,1687974822
567,almeirim,-1.5233,-52.5817,32.11,50,34,2.14,BR,1687974822
568,smithers,54.7804,-127.1743,21.18,52,75,2.06,CA,1687974822
569,cromwell,41.5951,-72.6454,28.06,71,75,2.57,US,1687974822
570,griffith,41.5284,-87.4237,29.47,52,0,3.09,US,1687974822
571,fenyi,27.8112,114.6681,26.17,88,86,2.2,CN,1687974823
572,amurzet,47.6967,131.0981,18.77,92,62,2.08,RU,1687974823
573,pleiku,13.9833,108.0,20.8,94,57,0.21,VN,1687974823
574,dedovichi,57.5517,29.9502,16.25,87,100,2.64,RU,1687974824
575,matai,-8.3,31.5167,18.7,59,100,1.45,TZ,1687974824
576,prado,-17.3411,-39.2208,23.9,84,28,3.4,BR,1687974824
577,guise,49.9006,3.628,21.32,78,98,2.16,FR,1687974824
578,orchard homes,46.8633,-114.0484,18.23,85,100,3.09,US,1687974824
579,chegdomyn,51.1167,133.0167,17.06,73,100,1.04,RU,1687974825
580,soligalich,59.0778,42.2864,17.32,76,98,1.28,RU,1687974825
581,malibu,34.005,-118.8101,24.65,88,63,3.01,US,1687974825
582,arkhangel'sk,64.5401,40.5433,12.92,62,36,1.83,RU,1687974825
583,agat village,13.3886,144.6585,27.52,88,75,2.57,GU,1687974825
584,meulaboh,4.1363,96.1285,24.93,92,100,2.51,ID,1687974826
585,hun,29.1268,15.9477,33.22,20,0,4.43,LY,1687974826
586,letterkenny,54.95,-7.7333,16.94,62,46,5.27,IE,1687974826
587,cozumel,20.5083,-86.9458,32.19,76,10,4.92,MX,1687974778
588,carentan,49.3031,-1.2481,19.82,67,100,3.42,FR,1687974826
589,idrinskoye,54.3708,92.1358,14.02,97,100,3.71,RU,1687974827
590,nizhneudinsk,54.9076,99.0276,9.69,88,1,2.02,RU,1687974827
591,ciudad lazaro cardenas,17.9583,-102.2,32.16,55,12,3.6,MX,1687974827
592,dwarka,22.2394,68.9678,28.36,84,97,7.77,IN,1687974827
